,run00,run01,run02,run03,run04,run05,run06
0,0.036289215087890625,0.037586212158203125,0.0341489315032959,0.04344010353088379,0.03150010108947754,0.03537392616271973,0.03867006301879883
1,0.028229951858520508,0.02507305145263672,0.02849411964416504,0.033045053482055664,0.055020809173583984,0.02945399284362793,0.023815155029296875
2,0.02466297149658203,0.030045032501220703,0.0253450870513916,0.023578882217407227,0.02780604362487793,0.02278900146484375,0.06178092956542969
3,0.036647796630859375,0.02339911460876465,0.020778894424438477,0.03149080276489258,0.03287315368652344,0.02977609634399414,0.03044605255126953
4,0.023454904556274414,0.04790306091308594,0.029382944107055664,0.14658522605895996,0.028902053833007812,0.0759279727935791,0.034147024154663086
5,0.029953956604003906,0.029879093170166016,0.029278039932250977,0.04924893379211426,0.027252912521362305,0.03279900550842285,0.03326106071472168
6,0.025011777877807617,0.06557297706604004,0.03299713134765625,0.04094815254211426,0.0305478572845459,0.02619194984436035,0.04350709915161133
7,0.04557514190673828,0.02787303924560547,0.10466384887695312,0.057769060134887695,0.04412198066711426,0.05986499786376953,0.07410907745361328
8,0.026398897171020508,0.027363061904907227,0.042838096618652344,0.04124283790588379,0.022722959518432617,0.02979898452758789,0.0305020809173584
9,0.026789188385009766,0.03711414337158203,0.02484917640686035,0.05184507369995117,0.03621482849121094,0.03478598594665527,0.05840301513671875
10,0.02760910987854004,0.026202917098999023,0.03905892372131348,0.06848907470703125,0.023136138916015625,0.02746415138244629,0.04848003387451172
11,0.031636953353881836,0.027090072631835938,0.03601384162902832,0.07795119285583496,0.033010005950927734,0.04893684387207031,0.03173398971557617
12,0.06857681274414062,0.045031070709228516,0.03309202194213867,0.03896617889404297,0.056964874267578125,0.04544401168823242,0.07431507110595703
13,0.030207157135009766,0.03377103805541992,0.05057191848754883,0.040789127349853516,0.03935408592224121,0.025825023651123047,0.04197287559509277
14,0.022510051727294922,0.028883934020996094,0.04764199256896973,0.05849099159240723,0.05706000328063965,0.04304099082946777,0.028775930404663086
15,0.03661990165710449,0.03859114646911621,0.02576899528503418,0.04968690872192383,0.04473710060119629,0.047345876693725586,0.03036189079284668
16,0.03685307502746582,0.02939605712890625,0.033944129943847656,0.029774904251098633,0.028239011764526367,0.04026913642883301,0.03311896324157715
17,0.030827045440673828,0.09095096588134766,0.025933027267456055,0.12890005111694336,0.034623146057128906,0.03766679763793945,0.03405189514160156
18,0.028931856155395508,0.023643970489501953,0.029761075973510742,0.02758502960205078,0.0318150520324707,0.023833036422729492,0.01638197898864746
19,0.028338909149169922,0.021937131881713867,0.03940081596374512,0.023157119750976562,0.02158498764038086,0.05920600891113281,0.04596710205078125
20,0.04485917091369629,0.02629995346069336,0.05037093162536621,0.039836883544921875,0.0434110164642334,0.035736083984375,0.023330211639404297
21,0.026591062545776367,0.03139209747314453,0.02501392364501953,0.030260086059570312,0.027698993682861328,0.0321500301361084,0.02294611930847168
22,0.07154488563537598,0.031774044036865234,0.05024003982543945,0.03622698783874512,0.0262758731842041,0.02193903923034668,0.030031919479370117
23,0.02731013298034668,0.046633005142211914,0.023041963577270508,0.030627012252807617,0.0281679630279541,0.038993120193481445,0.05518507957458496
24,0.06113290786743164,0.015548229217529297,0.026401042938232422,0.06465816497802734,0.022491931915283203,0.04041099548339844,0.03503298759460449
25,0.025668859481811523,0.022424936294555664,0.02479696273803711,0.03883719444274902,0.09209990501403809,0.029269933700561523,0.018553972244262695
26,0.023946046829223633,0.023602962493896484,0.025207042694091797,0.034789085388183594,0.03150200843811035,0.04041790962219238,0.02507495880126953
27,0.02441716194152832,0.0482020378112793,0.03498101234436035,0.03998994827270508,0.027627944946289062,0.026866912841796875,0.06261301040649414
28,0.03279590606689453,0.017030000686645508,0.021970033645629883,0.0798799991607666,0.04029393196105957,0.022064208984375,0.04671216011047363
29,0.033354997634887695,0.03774690628051758,0.042289018630981445,0.03224301338195801,0.01772618293762207,0.023070812225341797,0.051789045333862305
30,0.033699989318847656,0.03290915489196777,0.02132391929626465,0.05583000183105469,0.021629810333251953,0.023385047912597656,0.030681133270263672
31,0.038311004638671875,0.05842304229736328,0.017490863800048828,0.07710003852844238,0.03865814208984375,0.03580498695373535,0.023077011108398438
32,0.027264833450317383,0.016345977783203125,0.025396108627319336,0.0442352294921875,0.031227827072143555,0.09019112586975098,0.029011964797973633
33,0.017615079879760742,0.03205299377441406,0.05137801170349121,0.04922604560852051,0.01587700843811035,0.05295300483703613,0.024956941604614258
34,0.023103952407836914,0.031556129455566406,0.06813693046569824,0.03492999076843262,0.03525805473327637,0.02073383331298828,0.031152963638305664
35,0.0780038833618164,0.04353809356689453,0.027713775634765625,0.057190895080566406,0.028460025787353516,0.0655369758605957,0.03741097450256348
36,0.031762123107910156,0.029703855514526367,0.031129121780395508,0.04031109809875488,0.08875894546508789,0.02202010154724121,0.03238487243652344
37,0.0438079833984375,0.02380204200744629,0.031591176986694336,0.0350339412689209,0.014721155166625977,0.01730203628540039,0.016956090927124023
38,0.023636817932128906,0.020108938217163086,0.022604942321777344,0.02905893325805664,0.01816391944885254,0.0153350830078125,0.017837047576904297
39,0.03286409378051758,0.019433021545410156,0.028745174407958984,0.02390599250793457,0.03163909912109375,0.022140026092529297,0.033721923828125
40,0.011904001235961914,0.017253875732421875,0.01028299331665039,0.04685187339782715,0.03298306465148926,0.013966083526611328,0.03575491905212402
41,0.05477023124694824,0.019809961318969727,0.012634992599487305,0.05222606658935547,0.032788991928100586,0.014804840087890625,0.015638113021850586
42,0.023926973342895508,0.01509714126586914,0.029417037963867188,0.02635502815246582,0.024862051010131836,0.024358034133911133,0.01923990249633789
43,0.020116090774536133,0.012006998062133789,0.02618694305419922,0.04224896430969238,0.018938064575195312,0.011749029159545898,0.02220010757446289
44,0.03158903121948242,0.013037919998168945,0.011581182479858398,0.020878076553344727,0.027111053466796875,0.021039962768554688,0.019302845001220703
45,0.013677120208740234,0.0176999568939209,0.013257980346679688,0.01938009262084961,0.01530003547668457,0.014775991439819336,0.012878179550170898
46,0.016561031341552734,0.01039886474609375,0.011327981948852539,0.04365205764770508,0.014841794967651367,0.0178680419921875,0.01722884178161621
47,0.014693021774291992,0.017979860305786133,0.014258146286010742,0.012356996536254883,0.014356136322021484,0.026001930236816406,0.037513017654418945
48,0.01431584358215332,0.009694099426269531,0.032768964767456055,0.045736074447631836,0.01235508918762207,0.02063298225402832,0.031041860580444336
49,0.016916990280151367,0.009124994277954102,0.030417919158935547,0.08257389068603516,0.029682159423828125,0.01539301872253418,0.01940011978149414
50,0.016973018646240234,0.014371871948242188,0.020869970321655273,0.013715028762817383,0.011568784713745117,0.014434099197387695,0.02914905548095703
51,0.0211789608001709,0.010026931762695312,0.028252840042114258,0.01918482780456543,0.03131699562072754,0.019555091857910156,0.016156911849975586
52,0.0622258186340332,0.02298903465270996,0.03128814697265625,0.021945953369140625,0.01567697525024414,0.10422897338867188,0.010832071304321289
53,0.05398893356323242,0.011004924774169922,0.14606809616088867,0.02824997901916504,0.053546905517578125,0.013585805892944336,0.013161897659301758
54,0.012614011764526367,0.014255046844482422,0.012026071548461914,0.017914772033691406,0.012688875198364258,0.012070894241333008,0.05990004539489746
55,0.008342981338500977,0.017019033432006836,0.01568913459777832,0.02396106719970703,0.0754859447479248,0.017496109008789062,0.015995025634765625
56,0.019093990325927734,0.011914968490600586,0.010899066925048828,0.01655292510986328,0.009658098220825195,0.009891986846923828,0.019382953643798828
57,0.029521942138671875,0.04991888999938965,0.013757944107055664,0.019865036010742188,0.01020193099975586,0.03885078430175781,0.026206016540527344
58,0.0089111328125,0.012928962707519531,0.01935720443725586,0.012151956558227539,0.009432077407836914,0.0406641960144043,0.010310173034667969
59,0.00734400749206543,0.010830163955688477,0.010754823684692383,0.044918060302734375,0.011773109436035156,0.018666982650756836,0.016252994537353516
60,0.011814117431640625,0.020298004150390625,0.012917041778564453,0.011923074722290039,0.01034998893737793,0.011531829833984375,0.01294398307800293
61,0.007961034774780273,0.029225826263427734,0.02378392219543457,0.0110931396484375,0.01058197021484375,0.009384870529174805,0.01124119758605957
62,0.009099960327148438,0.017930984497070312,0.009027957916259766,0.01329803466796875,0.010255098342895508,0.009900093078613281,0.017197132110595703
63,0.03624606132507324,0.013641834259033203,0.021539926528930664,0.04244184494018555,0.01766204833984375,0.03041696548461914,0.008261919021606445
64,0.007822990417480469,0.009097099304199219,0.024873018264770508,0.009881973266601562,0.026463031768798828,0.017768144607543945,0.02202892303466797
65,0.008475065231323242,0.009598016738891602,0.0074689388275146484,0.012812137603759766,0.00953221321105957,0.016911029815673828,0.028221845626831055
66,0.017744064331054688,0.020563840866088867,0.007383108139038086,0.0188751220703125,0.025040149688720703,0.010334014892578125,0.009207963943481445
67,0.008410930633544922,0.03779006004333496,0.007889986038208008,0.019172191619873047,0.01349496841430664,0.0250089168548584,0.012346029281616211
68,0.008378982543945312,0.023511886596679688,0.008782148361206055,0.021416902542114258,0.01928400993347168,0.021837234497070312,0.009443998336791992
69,0.02210402488708496,0.010106086730957031,0.01299285888671875,0.018236875534057617,0.012935161590576172,0.01960277557373047,0.027725934982299805
70,0.013408184051513672,0.016021013259887695,0.009739160537719727,0.02488398551940918,0.01785111427307129,0.008265018463134766,0.010277032852172852
71,0.008154869079589844,0.03741788864135742,0.01045083999633789,0.04512500762939453,0.010288000106811523,0.013710975646972656,0.014310121536254883
72,0.009159088134765625,0.029452085494995117,0.007193088531494141,0.01035308837890625,0.008852005004882812,0.01311802864074707,0.06647205352783203
73,0.0063860416412353516,0.007650136947631836,0.007040977478027344,0.05756711959838867,0.040689945220947266,0.05697798728942871,0.01660895347595215
74,0.023719072341918945,0.0072100162506103516,0.03035593032836914,0.06158614158630371,0.017269134521484375,0.008353948593139648,0.03290891647338867
75,0.009462118148803711,0.023319005966186523,0.029488086700439453,0.010933876037597656,0.017623186111450195,0.05501890182495117,0.0510249137878418
76,0.0264589786529541,0.0333101749420166,0.008723974227905273,0.0176999568939209,0.008828878402709961,0.013286113739013672,0.017712116241455078
77,0.005671024322509766,0.011214971542358398,0.02643108367919922,0.022218942642211914,0.030851125717163086,0.009466886520385742,0.029322147369384766
78,0.005903005599975586,0.017338991165161133,0.013721942901611328,0.0162050724029541,0.01123189926147461,0.020895004272460938,0.023608922958374023
79,0.008605003356933594,0.010864973068237305,0.018500089645385742,0.02112603187561035,0.0479888916015625,0.007807016372680664,0.017531156539916992
80,0.0065460205078125,0.00898289680480957,0.006521940231323242,0.012862205505371094,0.02204418182373047,0.010274887084960938,0.007754087448120117
81,0.005646944046020508,0.008452892303466797,0.013325929641723633,0.03653597831726074,0.009067058563232422,0.007648944854736328,0.010381937026977539
82,0.0074880123138427734,0.023817062377929688,0.0065190792083740234,0.008759021759033203,0.006827831268310547,0.008224010467529297,0.012512922286987305
83,0.009966135025024414,0.008677959442138672,0.013073921203613281,0.015726089477539062,0.012613058090209961,0.012048959732055664,0.008172988891601562
84,0.008656024932861328,0.008697032928466797,0.014053106307983398,0.01083993911743164,0.0072290897369384766,0.006958961486816406,0.008545160293579102
85,0.022715091705322266,0.00904703140258789,0.016601085662841797,0.011842012405395508,0.008414983749389648,0.007794857025146484,0.008099794387817383
86,0.006268978118896484,0.014307975769042969,0.006552934646606445,0.02825784683227539,0.008831977844238281,0.01945781707763672,0.012166023254394531
87,0.007513999938964844,0.009582042694091797,0.006367921829223633,0.008276939392089844,0.01845407485961914,0.006539106369018555,0.009903907775878906
88,0.006819009780883789,0.0063359737396240234,0.0062198638916015625,0.00974583625793457,0.009407997131347656,0.02136707305908203,0.013584136962890625
89,0.010825872421264648,0.00905609130859375,0.007996082305908203,0.014590024948120117,0.0061130523681640625,0.013606071472167969,0.010092973709106445
90,0.005340099334716797,0.007653951644897461,0.008691072463989258,0.008087158203125,0.010768890380859375,0.011986970901489258,0.010838985443115234
91,0.008227109909057617,0.010499000549316406,0.01435995101928711,0.02410602569580078,0.011116981506347656,0.011487007141113281,0.008960962295532227
92,0.028987884521484375,0.02407693862915039,0.01564192771911621,0.011339902877807617,0.006189823150634766,0.019937992095947266,0.007625102996826172
93,0.014250993728637695,0.00972890853881836,0.039129018783569336,0.0414431095123291,0.012602090835571289,0.014204978942871094,0.005811929702758789
94,0.028013944625854492,0.03367495536804199,0.013335943222045898,0.007959842681884766,0.00587010383605957,0.010981082916259766,0.03589582443237305
95,0.00998997688293457,0.02684783935546875,0.005687236785888672,0.02769184112548828,0.005259990692138672,0.05299091339111328,0.005861043930053711
96,0.027105093002319336,0.006539106369018555,0.0055921077728271484,0.03069901466369629,0.008319854736328125,0.008870124816894531,0.005750894546508789
97,0.005522966384887695,0.010058164596557617,0.028269052505493164,0.01182103157043457,0.011934995651245117,0.02497696876525879,0.03145599365234375
98,0.015525102615356445,0.004480123519897461,0.013992786407470703,0.01584792137145996,0.015039920806884766,0.016427040100097656,0.007091045379638672
99,0.0042688846588134766,0.004540205001831055,0.014016866683959961,0.0074079036712646484,0.03024005889892578,0.023816823959350586,0.01477193832397461
100,0.009478092193603516,0.0044422149658203125,0.020521879196166992,0.00958395004272461,0.013045072555541992,0.010597944259643555,0.009167909622192383
101,0.004878997802734375,0.0045909881591796875,0.011143922805786133,0.012938976287841797,0.00890493392944336,0.0085601806640625,0.015513896942138672
102,0.005052089691162109,0.0044269561767578125,0.00800180435180664,0.006363868713378906,0.006083965301513672,0.013978004455566406,0.0059740543365478516
103,0.00406193733215332,0.004411220550537109,0.004797935485839844,0.00570988655090332,0.0072329044342041016,0.009083986282348633,0.006534099578857422
104,0.003962993621826172,0.004380941390991211,0.008574962615966797,0.010075092315673828,0.004307985305786133,0.00593113899230957,0.007600069046020508
105,0.004051923751831055,0.0043790340423583984,0.0047571659088134766,0.0071909427642822266,0.006096839904785156,0.017240047454833984,0.008872032165527344
106,0.006652116775512695,0.004945039749145508,0.01606607437133789,0.0061910152435302734,0.006245136260986328,0.006143093109130859,0.0052869319915771484
107,0.005789995193481445,0.006613016128540039,0.011857986450195312,0.015452861785888672,0.00452113151550293,0.008149147033691406,0.004304170608520508
108,0.0041201114654541016,0.02593708038330078,0.004409074783325195,0.01058506965637207,0.016434192657470703,0.007818937301635742,0.0062100887298583984
109,0.004683017730712891,0.005594968795776367,0.004297018051147461,0.00549006462097168,0.007678985595703125,0.005301952362060547,0.007499217987060547
110,0.023269176483154297,0.005614042282104492,0.0050830841064453125,0.008068084716796875,0.0061991214752197266,0.009527921676635742,0.0048980712890625
111,0.005613088607788086,0.00577092170715332,0.004305839538574219,0.0050280094146728516,0.004414081573486328,0.005733013153076172,0.007720947265625
112,0.0038290023803710938,0.004703998565673828,0.004287004470825195,0.013366937637329102,0.004237174987792969,0.010107994079589844,0.004312038421630859
113,0.003507852554321289,0.02225494384765625,0.0044040679931640625,0.014878988265991211,0.005218029022216797,0.005028963088989258,0.0056569576263427734
114,0.003484010696411133,0.004063129425048828,0.00932002067565918,0.005377054214477539,0.0057468414306640625,0.0051729679107666016,0.0046122074127197266
115,0.006591081619262695,0.009579896926879883,0.010103940963745117,0.0050580501556396484,0.004209041595458984,0.027630090713500977,0.0220489501953125
116,0.003857851028442383,0.00537419319152832,0.007973909378051758,0.010876178741455078,0.005564212799072266,0.011276960372924805,0.008127927780151367
117,0.0038521289825439453,0.01748204231262207,0.008702993392944336,0.008044958114624023,0.0044820308685302734,0.036691904067993164,0.0036470890045166016
118,0.0038688182830810547,0.003991127014160156,0.00501704216003418,0.029514074325561523,0.006694793701171875,0.004701852798461914,0.0038940906524658203
119,0.003751993179321289,0.009202003479003906,0.004914045333862305,0.029017925262451172,0.021927833557128906,0.009366035461425781,0.003444194793701172
120,0.008834123611450195,0.01571798324584961,0.004026889801025391,0.010227203369140625,0.008054018020629883,0.004746913909912109,0.004611015319824219
121,0.003690958023071289,0.010060787200927734,0.010004997253417969,0.018589019775390625,0.015781164169311523,0.007546901702880859,0.0036749839782714844
122,0.0058400630950927734,0.025873899459838867,0.0039670467376708984,0.01808309555053711,0.005014896392822266,0.00957798957824707,0.00740814208984375
123,0.0031709671020507812,0.0035431385040283203,0.0037522315979003906,0.013025999069213867,0.00536799430847168,0.004533052444458008,0.015457868576049805
124,0.0031228065490722656,0.0033271312713623047,0.006373882293701172,0.008839845657348633,0.0061991214752197266,0.004584074020385742,0.009646177291870117
125,0.003103017807006836,0.003386974334716797,0.021918058395385742,0.010181903839111328,0.004410982131958008,0.007148027420043945,0.008308172225952148
126,0.003101825714111328,0.003329038619995117,0.0036230087280273438,0.0078089237213134766,0.0037441253662109375,0.010306119918823242,0.014400959014892578
127,0.007771968841552734,0.003331899642944336,0.0040819644927978516,0.007766008377075195,0.0036458969116210938,0.008085966110229492,0.004498004913330078
128,0.0032999515533447266,0.0034220218658447266,0.009318828582763672,0.022578001022338867,0.0036029815673828125,0.0035958290100097656,0.007318019866943359
129,0.0028700828552246094,0.013733863830566406,0.0032701492309570312,0.008610010147094727,0.003919839859008789,0.003908872604370117,0.004666805267333984
130,0.0028281211853027344,0.003592967987060547,0.0036079883575439453,0.008282899856567383,0.004585981369018555,0.004141092300415039,0.008806228637695312
131,0.0029108524322509766,0.005847930908203125,0.0034351348876953125,0.00561213493347168,0.004827976226806641,0.0039520263671875,0.0046710968017578125
132,0.0031659603118896484,0.004155158996582031,0.0031669139862060547,0.004845857620239258,0.004149913787841797,0.005233049392700195,0.004866123199462891
133,0.0028319358825683594,0.0033371448516845703,0.0031960010528564453,0.004467964172363281,0.00362396240234375,0.003590822219848633,0.008961915969848633
134,0.003442049026489258,0.003370046615600586,0.007202863693237305,0.0060389041900634766,0.0034160614013671875,0.009792089462280273,0.01117396354675293
135,0.003000020980834961,0.0033059120178222656,0.003426074981689453,0.00444483757019043,0.003629922866821289,0.0032079219818115234,0.003612041473388672
136,0.0029211044311523438,0.0031130313873291016,0.0031189918518066406,0.0041429996490478516,0.0059359073638916016,0.0031669139862060547,0.004244089126586914
137,0.0028400421142578125,0.0030829906463623047,0.003184080123901367,0.0055751800537109375,0.003668069839477539,0.0035080909729003906,0.003442049026489258
138,0.002810955047607422,0.003309011459350586,0.003559112548828125,0.0061359405517578125,0.00904703140258789,0.0035948753356933594,0.00339508056640625
139,0.002866029739379883,0.003041982650756836,0.003473997116088867,0.005049943923950195,0.003743886947631836,0.0033369064331054688,0.004180908203125
140,0.002758026123046875,0.0031609535217285156,0.0030319690704345703,0.005342006683349609,0.003587961196899414,0.003208160400390625,0.0035810470581054688
141,0.0034470558166503906,0.0031239986419677734,0.00501704216003418,0.004837989807128906,0.021513938903808594,0.004060983657836914,0.0036962032318115234
142,0.002995014190673828,0.0038518905639648438,0.004187107086181641,0.004312992095947266,0.006131887435913086,0.004063129425048828,0.008669853210449219
143,0.0029060840606689453,0.003231048583984375,0.003565073013305664,0.0063419342041015625,0.0034148693084716797,0.0032529830932617188,0.004324913024902344
144,0.002949953079223633,0.0032501220703125,0.0033180713653564453,0.0053081512451171875,0.0034780502319335938,0.0032100677490234375,0.004239082336425781
145,0.007230997085571289,0.003239154815673828,0.0030808448791503906,0.0057239532470703125,0.003278970718383789,0.00416111946105957,0.005126953125
146,0.0032210350036621094,0.0039670467376708984,0.003036975860595703,0.007367134094238281,0.005261898040771484,0.003445863723754883,0.005037069320678711
147,0.003083944320678711,0.0034270286560058594,0.003097057342529297,0.004250049591064453,0.003525972366333008,0.003557920455932617,0.0037078857421875
148,0.0029659271240234375,0.003186941146850586,0.004284858703613281,0.00590205192565918,0.004055023193359375,0.009299993515014648,0.004033088684082031
149,0.0029180049896240234,0.0031800270080566406,0.0033071041107177734,0.007066011428833008,0.003431081771850586,0.003033876419067383,0.0037479400634765625
150,0.0030460357666015625,0.008157014846801758,0.003103017807006836,0.008520126342773438,0.0032930374145507812,0.003495931625366211,0.0077800750732421875
151,0.0030379295349121094,0.005040168762207031,0.0030579566955566406,0.007314920425415039,0.04742884635925293,0.0031859874725341797,0.0043239593505859375
152,0.0028791427612304688,0.0034761428833007812,0.007997989654541016,0.007223844528198242,0.0037870407104492188,0.007264852523803711,0.005969047546386719
153,0.004734992980957031,0.003284931182861328,0.004235982894897461,0.022916793823242188,0.0032520294189453125,0.0036339759826660156,0.0035071372985839844
154,0.0030188560485839844,0.003306150436401367,0.004284858703613281,0.00716400146484375,0.003317117691040039,0.0034661293029785156,0.0038521289825439453
155,0.007548093795776367,0.004660844802856445,0.005727052688598633,0.007744789123535156,0.003264904022216797,0.0034220218658447266,0.004380941390991211
156,0.0032138824462890625,0.0031130313873291016,0.008224964141845703,0.008775949478149414,0.007472991943359375,0.0034041404724121094,0.003495931625366211
157,0.0031080245971679688,0.003253936767578125,0.0075190067291259766,0.007768869400024414,0.003715038299560547,0.003103971481323242,0.0034821033477783203
158,0.003061056137084961,0.0030701160430908203,0.009828805923461914,0.016335010528564453,0.007788896560668945,0.003197908401489258,0.003253936767578125
159,0.0031630992889404297,0.002863168716430664,0.006159067153930664,0.00728607177734375,0.003507852554321289,0.0033278465270996094,0.003473997116088867
160,0.003152132034301758,0.007476091384887695,0.005848884582519531,0.00680088996887207,0.010383844375610352,0.003047943115234375,0.007651090621948242
161,0.003125905990600586,0.0034949779510498047,0.005571126937866211,0.007509946823120117,0.0029969215393066406,0.0030570030212402344,0.0034570693969726562
162,0.003239870071411133,0.0049130916595458984,0.01291513442993164,0.0072591304779052734,0.0029120445251464844,0.0074999332427978516,0.011152029037475586
163,0.0030999183654785156,0.003947019577026367,0.003862142562866211,0.00447392463684082,0.002997875213623047,0.003423929214477539,0.003314971923828125
164,0.006849050521850586,0.003186941146850586,0.0033698081970214844,0.008417844772338867,0.002772808074951172,0.005388021469116211,0.0031151771545410156
165,0.00557398796081543,0.007796049118041992,0.003421783447265625,0.0036170482635498047,0.002949953079223633,0.004992961883544922,0.003404855728149414
166,0.003159046173095703,0.0036160945892333984,0.003659963607788086,0.0038077831268310547,0.0030829906463623047,0.0029709339141845703,0.006880998611450195
167,0.0028269290924072266,0.0031349658966064453,0.003492116928100586,0.003673076629638672,0.002875089645385742,0.0028281211853027344,0.0032629966735839844
168,0.002991914749145508,0.0029850006103515625,0.003476858139038086,0.0037348270416259766,0.007767915725708008,0.007990837097167969,0.003155946731567383
169,0.002835988998413086,0.006473064422607422,0.008304119110107422,0.003467082977294922,0.007175922393798828,0.003053903579711914,0.003175020217895508
170,0.0029180049896240234,0.0056531429290771484,0.007934093475341797,0.003298044204711914,0.003200054168701172,0.0033271312713623047,0.0060269832611083984
171,0.016674041748046875,0.0030579566955566406,0.003702878952026367,0.0032660961151123047,0.0039288997650146484,0.003203868865966797,0.003041982650756836
172,0.0033271312713623047,0.0037899017333984375,0.003414154052734375,0.0033371448516845703,0.0031120777130126953,0.003091096878051758,0.002916097640991211
173,0.002908945083618164,0.003281116485595703,0.0034780502319335938,0.007771015167236328,0.003155946731567383,0.0030279159545898438,0.0030570030212402344
174,0.002844095230102539,0.0031478404998779297,0.0034949779510498047,0.003615140914916992,0.0031871795654296875,0.002939939498901367,0.0032160282135009766
175,0.0028219223022460938,0.0030548572540283203,0.0044939517974853516,0.003698110580444336,0.0031681060791015625,0.003069162368774414,0.0029680728912353516
176,0.0029668807983398438,0.003125905990600586,0.006268024444580078,0.003921031951904297,0.0030689239501953125,0.002919912338256836,0.004472970962524414
177,0.0028700828552246094,0.00400996208190918,0.07954216003417969,0.005365133285522461,0.003080129623413086,0.002727985382080078,0.0026650428771972656
178,0.003787994384765625,0.0031280517578125,0.004966020584106445,0.011358022689819336,0.005663156509399414,0.002892017364501953,0.0036458969116210938
179,0.003100156784057617,0.003835916519165039,0.004158973693847656,0.004301786422729492,0.002808094024658203,0.0034220218658447266,0.0027980804443359375
180,0.0028710365295410156,0.004413127899169922,0.0041561126708984375,0.004868984222412109,0.002674102783203125,0.002736806869506836,0.026492834091186523
181,0.00471806526184082,0.0031881332397460938,0.004258155822753906,0.0032029151916503906,0.0026988983154296875,0.0076711177825927734,0.024243831634521484
182,0.0031280517578125,0.003165006637573242,0.005048036575317383,0.003177165985107422,0.0028829574584960938,0.024377822875976562,0.0028371810913085938
183,0.023701906204223633,0.0031418800354003906,0.004861116409301758,0.015075922012329102,0.0027408599853515625,0.0032930374145507812,0.0028519630432128906
184,0.0031261444091796875,0.003217935562133789,0.0055811405181884766,0.0036699771881103516,0.00267791748046875,0.0025691986083984375,0.0030181407928466797
185,0.0027818679809570312,0.004374980926513672,0.005264997482299805,0.0034880638122558594,0.002418994903564453,0.002543926239013672,0.0028290748596191406
186,0.0027098655700683594,0.003423929214477539,0.005068063735961914,0.0035598278045654297,0.004817008972167969,0.002674102783203125,0.0029649734497070312
187,0.0031549930572509766,0.0359959602355957,0.004897117614746094,0.003393888473510742,0.0036458969116210938,0.002619028091430664,0.003147125244140625
188,0.0030519962310791016,0.013627052307128906,0.0045740604400634766,0.003659963607788086,0.028255939483642578,0.002604961395263672,0.0037338733673095703
189,0.002794981002807617,0.0031280517578125,0.004806995391845703,0.003325939178466797,0.003582000732421875,0.0026769638061523438,0.003304004669189453
190,0.002835988998413086,0.003014802932739258,0.04252505302429199,0.003437042236328125,0.0035049915313720703,0.0027399063110351562,0.016093969345092773
191,0.004441022872924805,0.003186941146850586,0.00507807731628418,0.02865290641784668,0.0036139488220214844,0.04757118225097656,0.0032100677490234375
192,0.002791881561279297,0.002972126007080078,0.004374027252197266,0.004175901412963867,0.0034308433532714844,0.002908945083618164,0.0029299259185791016
193,0.0032961368560791016,0.0029630661010742188,0.0033228397369384766,0.003554105758666992,0.0027921199798583984,0.0027740001678466797,0.002975940704345703
194,0.003008127212524414,0.004213094711303711,0.0034379959106445312,0.0035610198974609375,0.0030379295349121094,0.0026459693908691406,0.0028831958770751953
195,0.0029668807983398438,0.01030111312866211,0.003426790237426758,0.003300189971923828,0.0029909610748291016,0.0027799606323242188,0.0037860870361328125
196,0.002836942672729492,0.003412961959838867,0.00551605224609375,0.003504037857055664,0.015325069427490234,0.002696990966796875,0.004158973693847656
197,0.0027310848236083984,0.002941131591796875,0.003946781158447266,0.0032629966735839844,0.03801584243774414,0.0027740001678466797,0.0033528804779052734
198,0.0027170181274414062,0.0030159950256347656,0.04128694534301758,0.0030508041381835938,0.0034639835357666016,0.0026788711547851562,0.0029180049896240234
199,0.0027039051055908203,0.0028679370880126953,0.014184951782226562,0.0029458999633789062,0.0025818347930908203,0.0024781227111816406,0.0029458999633789062
200,0.00273895263671875,0.0030219554901123047,0.0034019947052001953,0.004584074020385742,0.0024712085723876953,0.0025811195373535156,0.002849102020263672
201,0.007563114166259766,0.0029740333557128906,0.003113985061645508,0.003173828125,0.002516031265258789,0.016160964965820312,0.002805948257446289
202,0.0027399063110351562,0.0029370784759521484,0.0033118724822998047,0.0031380653381347656,0.002682924270629883,0.002813100814819336,0.0030591487884521484
203,0.0026788711547851562,0.030063152313232422,0.002989053726196289,0.003103017807006836,0.0030579566955566406,0.002881765365600586,0.0032329559326171875
204,0.003665924072265625,0.003679037094116211,0.0031290054321289062,0.0033409595489501953,0.0027790069580078125,0.002789020538330078,0.0030989646911621094
205,0.0028510093688964844,0.0033588409423828125,0.0033729076385498047,0.003139972686767578,0.0027420520782470703,0.0027730464935302734,0.0030889511108398438
206,0.0037229061126708984,0.0030651092529296875,0.0033369064331054688,0.0030090808868408203,0.0029277801513671875,0.00374603271484375,0.019223928451538086
207,0.002588987350463867,0.003245115280151367,0.003404855728149414,0.003170013427734375,0.0027289390563964844,0.0027480125427246094,0.0032389163970947266
208,0.0026559829711914062,0.0051958560943603516,0.003014087677001953,0.002942800521850586,0.0026171207427978516,0.0054819583892822266,0.006571054458618164
209,0.002610921859741211,0.0033779144287109375,0.0035719871520996094,0.0034220218658447266,0.0030689239501953125,0.003553152084350586,0.0030379295349121094
210,0.04528617858886719,0.0031270980834960938,0.00448298454284668,0.00345611572265625,0.003667116165161133,0.018886089324951172,0.0027959346771240234
211,0.0030341148376464844,0.0031578540802001953,0.005515098571777344,0.003022909164428711,0.002507925033569336,0.002991914749145508,0.011583089828491211
212,0.002574920654296875,0.0030319690704345703,0.0073621273040771484,0.004158973693847656,0.0025179386138916016,0.0027031898498535156,0.0029480457305908203
213,0.0026390552520751953,0.0031499862670898438,0.0061779022216796875,0.004948139190673828,0.03364992141723633,0.002610921859741211,0.0026450157165527344
214,0.002704143524169922,0.0032401084899902344,0.005736112594604492,0.0037810802459716797,0.0031270980834960938,0.0025200843811035156,0.002727031707763672
215,0.0025300979614257812,0.002933025360107422,0.027184009552001953,0.0032150745391845703,0.002810955047607422,0.002905130386352539,0.002782106399536133
216,0.0025098323822021484,0.009170055389404297,0.0033249855041503906,0.003301858901977539,0.0027217864990234375,0.00335693359375,0.0027790069580078125
217,0.0026319026947021484,0.003159046173095703,0.0036389827728271484,0.003326892852783203,0.002574920654296875,0.0038030147552490234,0.0025320053100585938
218,0.0026149749755859375,0.023706912994384766,0.003940105438232422,0.057096004486083984,0.0025429725646972656,0.003113985061645508,0.0025780200958251953
219,0.002599954605102539,0.0030748844146728516,0.003981113433837891,0.003724813461303711,0.0027420520782470703,0.0034749507904052734,0.023387908935546875
220,0.002624034881591797,0.002974987030029297,0.003983020782470703,0.0032851696014404297,0.0029327869415283203,0.003136873245239258,0.002702951431274414
221,0.0026390552520751953,0.0030820369720458984,0.004149913787841797,0.0033190250396728516,0.0028769969940185547,0.0034689903259277344,0.0028820037841796875
222,0.0025920867919921875,0.0028791427612304688,0.003921031951904297,0.0033049583435058594,0.002789020538330078,0.020702838897705078,0.0028820037841796875
223,0.002482891082763672,0.006295204162597656,0.0032799243927001953,0.0035130977630615234,0.006196022033691406,0.014267921447753906,0.002608060836791992
224,0.006031036376953125,0.012557029724121094,0.027845144271850586,0.0029859542846679688,0.0026340484619140625,0.006947994232177734,0.0025680065155029297
225,0.0024709701538085938,0.0076558589935302734,0.00772404670715332,0.002871990203857422,0.0025451183319091797,0.008192062377929688,0.0025730133056640625
226,0.07428717613220215,0.009869098663330078,0.005970954895019531,0.0029511451721191406,0.0024750232696533203,0.007289886474609375,0.007136821746826172
227,0.002891063690185547,0.008469104766845703,0.006215095520019531,0.003031015396118164,0.0024819374084472656,0.008203983306884766,0.003954172134399414
228,0.002577066421508789,0.013216018676757812,0.0056760311126708984,0.006323814392089844,0.0024750232696533203,0.004673957824707031,0.00286102294921875
229,0.003019094467163086,0.00757598876953125,0.005724906921386719,0.003300905227661133,0.01958298683166504,0.0031099319458007812,0.0026428699493408203
230,0.002758026123046875,0.003692150115966797,0.011448144912719727,0.002886056900024414,0.002568960189819336,0.0030341148376464844,0.002710103988647461
231,0.0027267932891845703,0.00397801399230957,0.005191802978515625,0.0029540061950683594,0.0025501251220703125,0.0035829544067382812,0.0027849674224853516
232,0.0026788711547851562,0.022583961486816406,0.004918098449707031,0.0028200149536132812,0.0024678707122802734,0.00310516357421875,0.0026960372924804688
233,0.002691984176635742,0.003670930862426758,0.004690885543823242,0.002920866012573242,0.002379179000854492,0.0032269954681396484,0.002650022506713867
234,0.02513599395751953,0.0036468505859375,0.004810810089111328,0.0197141170501709,0.0069959163665771484,0.0038368701934814453,0.002649068832397461
235,0.0032711029052734375,0.003688812255859375,0.01891303062438965,0.003712892532348633,0.0025250911712646484,0.003262042999267578,0.0028028488159179688
236,0.0027108192443847656,0.004456043243408203,0.004827022552490234,0.003924131393432617,0.002410888671875,0.0036220550537109375,0.002725839614868164
237,0.0029020309448242188,0.007100105285644531,0.004350900650024414,0.003774881362915039,0.0023729801177978516,0.01435089111328125,0.0027730464935302734
238,0.0028200149536132812,0.0027718544006347656,0.004168033599853516,0.0032210350036621094,0.002579927444458008,0.002599954605102539,0.002641916275024414
239,0.0028951168060302734,0.0055921077728271484,0.005266904830932617,0.0034639835357666016,0.002462148666381836,0.0025801658630371094,0.01399683952331543
240,0.002701997756958008,0.0029921531677246094,0.0062139034271240234,0.0046749114990234375,0.0025429725646972656,0.002418994903564453,0.002583026885986328
241,0.0027780532836914062,0.002407073974609375,0.004271984100341797,0.0036420822143554688,0.0024530887603759766,0.002536773681640625,0.0022881031036376953
242,0.0028619766235351562,0.002399921417236328,0.004146099090576172,0.03286099433898926,0.002348184585571289,0.003032207489013672,0.0022649765014648438
243,0.0027370452880859375,0.002477884292602539,0.00403904914855957,0.004058122634887695,0.002437114715576172,0.002827882766723633,0.002554178237915039
244,0.002789020538330078,0.002438068389892578,0.005209922790527344,0.0033669471740722656,0.0025751590728759766,0.002894163131713867,0.0024290084838867188
245,0.0026979446411132812,0.0024628639221191406,0.025649070739746094,0.003787994384765625,0.002402067184448242,0.0027151107788085938,0.0022971630096435547
246,0.0026090145111083984,0.002377033233642578,0.004709005355834961,0.0042040348052978516,0.002286195755004883,0.002686023712158203,0.0022749900817871094
247,0.007908821105957031,0.0025129318237304688,0.004698991775512695,0.005982160568237305,0.0021648406982421875,0.0023899078369140625,0.002240896224975586
248,0.019609928131103516,0.0024940967559814453,0.0044519901275634766,0.004335165023803711,0.002407073974609375,0.002569913864135742,0.002310037612915039
249,0.002657175064086914,0.0024080276489257812,0.004765987396240234,0.0032739639282226562,0.012853860855102539,0.0025069713592529297,0.002405881881713867
250,0.0026040077209472656,0.0032949447631835938,0.003997087478637695,0.024437904357910156,0.002196788787841797,0.0024781227111816406,0.0036499500274658203
251,0.0026221275329589844,0.014573097229003906,0.0041010379791259766,0.00347900390625,0.002076864242553711,0.0022470951080322266,0.0024199485778808594
252,0.002588987350463867,0.002772092819213867,0.0049741268157958984,0.003535032272338867,0.002074003219604492,0.0021691322326660156,0.002526998519897461
253,0.0026581287384033203,0.002337217330932617,0.004685878753662109,0.0034160614013671875,0.002045154571533203,0.0022668838500976562,0.0023069381713867188
254,0.00263214111328125,0.002274036407470703,0.0043261051177978516,0.0037641525268554688,0.0020890235900878906,0.003167867660522461,0.0030181407928466797
255,0.0025789737701416016,0.002185821533203125,0.0042040348052978516,0.003844022750854492,0.0020198822021484375,0.002209901809692383,0.0023109912872314453
256,0.002481222152709961,0.0023391246795654297,0.004376888275146484,0.013590097427368164,0.0020830631256103516,0.002315998077392578,0.002238035202026367
257,0.002544879913330078,0.0022628307342529297,0.004523038864135742,0.0034918785095214844,0.0020821094512939453,0.0024709701538085938,0.0022170543670654297
258,0.0031948089599609375,0.002374887466430664,0.00459599494934082,0.004538059234619141,0.0022678375244140625,0.002582073211669922,0.0022101402282714844
259,0.002588033676147461,0.0022449493408203125,0.003995180130004883,0.0038881301879882812,0.002012968063354492,0.0022389888763427734,0.0024261474609375
260,0.003167867660522461,0.002212047576904297,0.0034151077270507812,0.009682893753051758,0.002173185348510742,0.0025658607482910156,0.002377033233642578
261,0.002705097198486328,0.0022220611572265625,0.0027790069580078125,0.009737014770507812,0.0021958351135253906,0.002691984176635742,0.002301931381225586
262,0.003945112228393555,0.0022711753845214844,0.002596139907836914,0.016335010528564453,0.002434968948364258,0.0020258426666259766,0.002390146255493164
263,0.0025420188903808594,0.0023767948150634766,0.0039920806884765625,0.012534856796264648,0.0022001266479492188,0.0036020278930664062,0.0024318695068359375
264,0.0024640560150146484,0.002180814743041992,0.002908945083618164,0.019749879837036133,0.002174854278564453,0.0022389888763427734,0.002223968505859375
265,0.003164052963256836,0.002151012420654297,0.004392147064208984,0.008651018142700195,0.0021660327911376953,0.002092123031616211,0.00612187385559082
266,0.0027589797973632812,0.0021941661834716797,0.0027451515197753906,0.005362033843994141,0.0025599002838134766,0.0020999908447265625,0.007328033447265625
267,0.003167867660522461,0.0022258758544921875,0.002652883529663086,0.004830837249755859,0.0026569366455078125,0.002168893814086914,0.009018898010253906
268,0.012701988220214844,0.0022649765014648438,0.004445075988769531,0.0051920413970947266,0.00228118896484375,0.0021119117736816406,0.008913993835449219
269,0.0022330284118652344,0.0022399425506591797,0.0030717849731445312,0.009179115295410156,0.0022509098052978516,0.0020570755004882812,0.006783008575439453
270,0.002123117446899414,0.002216815948486328,0.002696990966796875,0.024240970611572266,0.0023779869079589844,0.002093076705932617,0.012850046157836914
271,0.002048015594482422,0.002218008041381836,0.00286102294921875,0.003930807113647461,0.0020339488983154297,0.0024328231811523438,0.0030221939086914062
272,0.003329038619995117,0.0020759105682373047,0.0031311511993408203,0.004445791244506836,0.0019698143005371094,0.002074003219604492,0.003626108169555664
273,0.0020830631256103516,0.002138853073120117,0.011632919311523438,0.0027649402618408203,0.002074003219604492,0.002135038375854492,0.002298116683959961
274,0.002061128616333008,0.0022230148315429688,0.004523038864135742,0.002774953842163086,0.0020720958709716797,0.0034248828887939453,0.004269838333129883
275,0.0019910335540771484,0.002241849899291992,0.004936933517456055,0.003921985626220703,0.005043983459472656,0.002370119094848633,0.0030388832092285156
276,0.002115011215209961,0.0021371841430664062,0.005023002624511719,0.0032470226287841797,0.0023741722106933594,0.002752065658569336,0.0031261444091796875
277,0.0033638477325439453,0.0023081302642822266,0.0045299530029296875,0.0027658939361572266,0.008665084838867188,0.002672910690307617,0.0030410289764404297
278,0.0020089149475097656,0.002073049545288086,0.004518985748291016,0.0029098987579345703,0.00689387321472168,0.002323150634765625,0.0031180381774902344
279,0.002010822296142578,0.0022509098052978516,0.004517078399658203,0.002760171890258789,0.01413106918334961,0.0023381710052490234,0.003000020980834961
280,0.001943826675415039,0.0022139549255371094,0.004767179489135742,0.002310037612915039,0.007740974426269531,0.002270936965942383,0.0031909942626953125
281,0.0018961429595947266,0.0021829605102539062,0.004761219024658203,0.0023190975189208984,0.008206844329833984,0.0024530887603759766,0.0032470226287841797
282,0.002062082290649414,0.0021021366119384766,0.004025936126708984,0.002543926239013672,0.007267951965332031,0.002234935760498047,0.003179788589477539
283,0.0020220279693603516,0.0022268295288085938,0.003467082977294922,0.002496004104614258,0.0025038719177246094,0.0023190975189208984,0.003854990005493164
284,0.0025458335876464844,0.002248048782348633,0.003473997116088867,0.0025238990783691406,0.0033969879150390625,0.0024368762969970703,0.002393007278442383
285,0.0021741390228271484,0.002115964889526367,0.00360107421875,0.0024480819702148438,0.0021300315856933594,0.0023849010467529297,0.0024008750915527344
286,0.0020198822021484375,0.002064943313598633,0.003793954849243164,0.002504110336303711,0.0036001205444335938,0.0022869110107421875,0.0021729469299316406
287,0.002067089080810547,0.0022208690643310547,0.003805875778198242,0.002460956573486328,0.002674102783203125,0.002335071563720703,0.0023899078369140625
288,0.001962900161743164,0.0021200180053710938,0.0036830902099609375,0.004560947418212891,0.002866983413696289,0.0025119781494140625,0.002524137496948242
289,0.0019490718841552734,0.002187967300415039,0.003361940383911133,0.0028450489044189453,0.0031290054321289062,0.002360105514526367,0.0024001598358154297
290,0.0019259452819824219,0.0022079944610595703,0.003454923629760742,0.0028159618377685547,0.0031697750091552734,0.002454042434692383,0.002321004867553711
291,0.0020380020141601562,0.0022089481353759766,0.003874063491821289,0.0032989978790283203,0.003165006637573242,0.0025589466094970703,0.002463102340698242
292,0.0019350051879882812,0.002192974090576172,0.0037841796875,0.0030870437622070312,0.0036530494689941406,0.0023658275604248047,0.002329111099243164
293,0.001928091049194336,0.0020749568939208984,0.003587007522583008,0.0032148361206054688,0.003097057342529297,0.002259969711303711,0.0023031234741210938
294,0.0019559860229492188,0.0022220611572265625,0.003574848175048828,0.004266023635864258,0.0032501220703125,0.0024449825286865234,0.0024340152740478516
295,0.0018777847290039062,0.002254009246826172,0.0036690235137939453,0.0047149658203125,0.002325773239135742,0.0022559165954589844,0.0025730133056640625
296,0.0018858909606933594,0.0022192001342773438,0.0038042068481445312,0.004922151565551758,0.0022971630096435547,0.0022630691528320312,0.0024509429931640625
297,0.0018849372863769531,0.0021820068359375,0.003711223602294922,0.003554105758666992,0.0022199153900146484,0.002256155014038086,0.0023279190063476562
298,0.0019450187683105469,0.002234935760498047,0.0037300586700439453,0.002521038055419922,0.0021390914916992188,0.002299785614013672,0.007477998733520508
299,0.0019099712371826172,0.0022430419921875,0.004350185394287109,0.002543210983276367,0.002134084701538086,0.002313852310180664,0.002357959747314453
300,0.0019521713256835938,0.0023429393768310547,0.0035309791564941406,0.002569913864135742,0.002156972885131836,0.002401113510131836,0.0190582275390625
301,0.0019729137420654297,0.002307891845703125,0.0037279129028320312,0.002518892288208008,0.0021588802337646484,0.0023679733276367188,0.0026578903198242188
302,0.001859903335571289,0.0020530223846435547,0.003712892532348633,0.002877950668334961,0.002321004867553711,0.0024471282958984375,0.0025620460510253906
303,0.0018460750579833984,0.0021500587463378906,0.003545999526977539,0.002521991729736328,0.002223968505859375,0.0024678707122802734,0.0023720264434814453
304,0.001936197280883789,0.002187013626098633,0.003729104995727539,0.004268169403076172,0.002156972885131836,0.0045359134674072266,0.0024220943450927734
305,0.001911163330078125,0.0022339820861816406,0.0035779476165771484,0.0043680667877197266,0.0021610260009765625,0.0029909610748291016,0.0026459693908691406
306,0.0018801689147949219,0.002128124237060547,0.003398895263671875,0.003793954849243164,0.0020928382873535156,0.002852916717529297,0.0027239322662353516
307,0.0018799304962158203,0.01929497718811035,0.003383159637451172,0.0026078224182128906,0.0021660327911376953,0.00267791748046875,0.002362966537475586
308,0.00244903564453125,0.002892017364501953,0.003969907760620117,0.002747058868408203,0.0020639896392822266,0.002521038055419922,0.0023851394653320312
309,0.001981019973754883,0.002429962158203125,0.0035638809204101562,0.0026619434356689453,0.0021200180053710938,0.00244903564453125,0.002466917037963867
310,0.0019040107727050781,0.0024688243865966797,0.0034580230712890625,0.0028150081634521484,0.004842996597290039,0.0025510787963867188,0.0023398399353027344
311,0.0019099712371826172,0.002513885498046875,0.0036001205444335938,0.002685070037841797,0.0029430389404296875,0.003113985061645508,0.0023779869079589844
312,0.0018467903137207031,0.0025091171264648438,0.0067901611328125,0.0026471614837646484,0.003612041473388672,0.002424955368041992,0.002521038055419922
313,0.0018949508666992188,0.0023610591888427734,0.0046231746673583984,0.0024030208587646484,0.004211902618408203,0.002465963363647461,0.002731800079345703
314,0.0018630027770996094,0.002490997314453125,0.004292011260986328,0.0035898685455322266,0.003657102584838867,0.002368927001953125,0.008727073669433594
315,0.0018639564514160156,0.002518177032470703,0.003859996795654297,0.0030760765075683594,0.0025930404663085938,0.0022580623626708984,0.002669095993041992
316,0.004317045211791992,0.002331972122192383,0.004260063171386719,0.002424001693725586,0.002447843551635742,0.021179914474487305,0.0024890899658203125
317,0.0024628639221191406,0.0024139881134033203,0.004311084747314453,0.0023469924926757812,0.003126859664916992,0.002919912338256836,0.002725839614868164
318,0.0031769275665283203,0.0023870468139648438,0.004804134368896484,0.0025479793548583984,0.0023941993713378906,0.002969026565551758,0.002499103546142578
319,0.002213001251220703,0.002412080764770508,0.00548100471496582,0.009342193603515625,0.00279998779296875,0.0027971267700195312,0.0025510787963867188
320,0.0020630359649658203,0.0023729801177978516,0.005841970443725586,0.0026259422302246094,0.0029480457305908203,0.0027790069580078125,0.002552032470703125
321,0.0020780563354492188,0.0068531036376953125,0.005040168762207031,0.002377033233642578,0.0029859542846679688,0.002744913101196289,0.0025110244750976562
322,0.002154827117919922,0.008794069290161133,0.004976034164428711,0.002351045608520508,0.002938985824584961,0.002599000930786133,0.002508878707885742
323,0.0021390914916992188,0.002413034439086914,0.028584957122802734,0.0024480819702148438,0.0029039382934570312,0.0029790401458740234,0.0034978389739990234
324,0.0020689964294433594,0.002363920211791992,0.003679037094116211,0.0025539398193359375,0.0028378963470458984,0.0033049583435058594,0.0032601356506347656
325,0.002076864242553711,0.0025811195373535156,0.003576040267944336,0.002465963363647461,0.02194690704345703,0.0027921199798583984,0.0022399425506591797
326,0.002112150192260742,0.0023469924926757812,0.0036580562591552734,0.002474069595336914,0.0035228729248046875,0.003582000732421875,0.0023767948150634766
327,0.0021240711212158203,0.0023779869079589844,0.0035991668701171875,0.002593994140625,0.003064870834350586,0.0025908946990966797,0.002164125442504883
328,0.002081155776977539,0.005037069320678711,0.0034189224243164062,0.0030868053436279297,0.002991914749145508,0.0026819705963134766,0.0037088394165039062
329,0.0020589828491210938,0.0029020309448242188,0.0034360885620117188,0.002465963363647461,0.0029969215393066406,0.003120899200439453,0.0031578540802001953
330,0.0021560192108154297,0.0025827884674072266,0.0035479068756103516,0.003062009811401367,0.002808094024658203,0.0027952194213867188,0.002137899398803711
331,0.0020449161529541016,0.003962039947509766,0.003165006637573242,0.002482891082763672,0.0034399032592773438,0.0027849674224853516,0.002315044403076172
332,0.002050161361694336,0.002471923828125,0.003094196319580078,0.0025818347930908203,0.002384185791015625,0.0029380321502685547,0.0026350021362304688
333,0.0021448135375976562,0.002402067184448242,0.005811929702758789,0.0026900768280029297,0.0023720264434814453,0.0028591156005859375,0.0024251937866210938
334,0.002042055130004883,0.0023910999298095703,0.005682945251464844,0.0026230812072753906,0.002274036407470703,0.002662181854248047,0.002530813217163086
335,0.005435943603515625,0.002341032028198242,0.005460023880004883,0.0024640560150146484,0.0022208690643310547,0.0033049583435058594,0.002179861068725586
336,0.0020380020141601562,0.0032761096954345703,0.005296945571899414,0.0024580955505371094,0.00469207763671875,0.0025289058685302734,0.0019609928131103516
337,0.00990605354309082,0.0023679733276367188,0.0050201416015625,0.002585887908935547,0.0027551651000976562,0.003262042999267578,0.0020949840545654297
338,0.0018799304962158203,0.007589101791381836,0.014898061752319336,0.0023720264434814453,0.002824068069458008,0.002827882766723633,0.0020589828491210938
339,0.0019850730895996094,0.0024230480194091797,0.004812955856323242,0.004195213317871094,0.0026099681854248047,0.0038890838623046875,0.001967906951904297
340,0.0018219947814941406,0.002274036407470703,0.004099845886230469,0.003793954849243164,0.002716064453125,0.003450155258178711,0.0019428730010986328
341,0.0017559528350830078,0.002223968505859375,0.0039730072021484375,0.0039899349212646484,0.002488851547241211,0.0027358531951904297,0.0019230842590332031
342,0.001779794692993164,0.0021600723266601562,0.004152059555053711,0.004527091979980469,0.002295970916748047,0.0027360916137695312,0.0019228458404541016
343,0.0017559528350830078,0.0023050308227539062,0.00397491455078125,0.0034949779510498047,0.0023500919342041016,0.003650188446044922,0.002064943313598633
344,0.0017521381378173828,0.0022859573364257812,0.004498004913330078,0.0023450851440429688,0.002856016159057617,0.0022759437561035156,0.002129793167114258
345,0.0017478466033935547,0.002262115478515625,0.004350900650024414,0.002515077590942383,0.0026960372924804688,0.002627849578857422,0.0021071434020996094
346,0.0018911361694335938,0.002184152603149414,0.003922939300537109,0.0025899410247802734,0.002271890640258789,0.0026922225952148438,0.002177000045776367
347,0.0017371177673339844,0.005775928497314453,0.005513906478881836,0.0025861263275146484,0.0022759437561035156,0.00339508056640625,0.0020809173583984375
348,0.0017740726470947266,0.010687112808227539,0.004136085510253906,0.0028171539306640625,0.002444028854370117,0.0023391246795654297,0.0020580291748046875
349,0.00179290771484375,0.0021369457244873047,0.0043430328369140625,0.0037660598754882812,0.0032358169555664062,0.0026378631591796875,0.002065896987915039
350,0.0018160343170166016,0.0019888877868652344,0.012526988983154297,0.0032291412353515625,0.002746105194091797,0.0026328563690185547,0.0020508766174316406
351,0.0017697811126708984,0.0019390583038330078,0.020169973373413086,0.003201007843017578,0.002683877944946289,0.0025260448455810547,0.002176046371459961
352,0.0017120838165283203,0.0019528865814208984,0.014129877090454102,0.0033719539642333984,0.002569913864135742,0.0025658607482910156,0.002115011215209961
353,0.0017120838165283203,0.002000093460083008,0.013653993606567383,0.0035338401794433594,0.0034210681915283203,0.002624034881591797,0.0020399093627929688
354,0.0017578601837158203,0.0021178722381591797,0.012042999267578125,0.003509998321533203,0.0028858184814453125,0.002460002899169922,0.0020689964294433594
355,0.0017769336700439453,0.0021390914916992188,0.011161088943481445,0.003951072692871094,0.002476930618286133,0.002900838851928711,0.0020291805267333984
356,0.0017828941345214844,0.0020329952239990234,0.004878997802734375,0.0037889480590820312,0.011244058609008789,0.002454996109008789,0.002135038375854492
357,0.0016880035400390625,0.002001047134399414,0.005610942840576172,0.003222942352294922,0.0023169517517089844,0.0027031898498535156,0.0020689964294433594
358,0.0017969608306884766,0.0020148754119873047,0.0045909881591796875,0.003432035446166992,0.002176046371459961,0.0022521018981933594,0.0020689964294433594
359,0.0016808509826660156,0.0020220279693603516,0.004760026931762695,0.004333019256591797,0.002137899398803711,0.0035829544067382812,0.0022420883178710938
360,0.001741170883178711,0.0021920204162597656,0.0046520233154296875,0.0037670135498046875,0.0022389888763427734,0.002373933792114258,0.0021178722381591797
361,0.0017559528350830078,0.002053976058959961,0.005831003189086914,0.0030112266540527344,0.002232074737548828,0.0029048919677734375,0.0020749568939208984
362,0.001744985580444336,0.0020751953125,0.00536799430847168,0.0024101734161376953,0.0023698806762695312,0.002318143844604492,0.002051830291748047
363,0.0017170906066894531,0.001986980438232422,0.004879951477050781,0.0024390220642089844,0.0022649765014648438,0.002187013626098633,0.002050161361694336
364,0.0017020702362060547,0.0019989013671875,0.005002021789550781,0.0024771690368652344,0.0022029876708984375,0.0023849010467529297,0.00203704833984375
365,0.0017669200897216797,0.0019450187683105469,0.004194021224975586,0.0026252269744873047,0.002154111862182617,0.002454996109008789,0.002003908157348633
366,0.0017528533935546875,0.0019838809967041016,0.0032448768615722656,0.002393007278442383,0.0023179054260253906,0.0025348663330078125,0.0021719932556152344
367,0.001725912094116211,0.001971006393432617,0.003486156463623047,0.0023031234741210938,0.0023069381713867188,0.0021560192108154297,0.0021829605102539062
368,0.0016999244689941406,0.001940011978149414,0.0033397674560546875,0.002257823944091797,0.002193927764892578,0.0025310516357421875,0.0020990371704101562
369,0.0017969608306884766,0.0018801689147949219,0.003139972686767578,0.0022039413452148438,0.0022759437561035156,0.002438068389892578,0.0020551681518554688
370,0.0017499923706054688,0.001873016357421875,0.002868175506591797,0.002508878707885742,0.0021491050720214844,0.0023679733276367188,0.0020139217376708984
371,0.0017659664154052734,0.0018510818481445312,0.0024809837341308594,0.0023369789123535156,0.0022819042205810547,0.0022089481353759766,0.0020258426666259766
372,0.001918792724609375,0.0019218921661376953,0.0029349327087402344,0.002321958541870117,0.0021009445190429688,0.002295970916748047,0.0020160675048828125
373,0.0017299652099609375,0.0018398761749267578,0.0026459693908691406,0.0022788047790527344,0.0020589828491210938,0.0029489994049072266,0.0020351409912109375
374,0.0017960071563720703,0.0018930435180664062,0.0026869773864746094,0.002405881881713867,0.0020799636840820312,0.0021500587463378906,0.0020449161529541016
375,0.0017099380493164062,0.00191497802734375,0.0033731460571289062,0.0022220611572265625,0.0021200180053710938,0.002360105514526367,0.002043008804321289
376,0.001714944839477539,0.0019431114196777344,0.0026330947875976562,0.0022058486938476562,0.0020859241485595703,0.0022020339965820312,0.002126932144165039
377,0.0017621517181396484,0.001943826675415039,0.0024809837341308594,0.0023250579833984375,0.0021169185638427734,0.004158973693847656,0.0019741058349609375
378,0.0017161369323730469,0.001909017562866211,0.0030260086059570312,0.002605915069580078,0.0020799636840820312,0.002373218536376953,0.0019559860229492188
379,0.001789093017578125,0.001873016357421875,0.0030248165130615234,0.0022809505462646484,0.0021181106567382812,0.002110004425048828,0.0019221305847167969
380,0.0017271041870117188,0.0018858909606933594,0.0026590824127197266,0.0021588802337646484,0.0021309852600097656,0.0025680065155029297,0.001981973648071289
381,0.0017430782318115234,0.0018620491027832031,0.003098011016845703,0.0021829605102539062,0.0021719932556152344,0.0020401477813720703,0.0019350051879882812
382,0.0016741752624511719,0.001901865005493164,0.00251007080078125,0.0021779537200927734,0.0020880699157714844,0.0023000240325927734,0.001956939697265625
383,0.0017559528350830078,0.0018529891967773438,0.0023779869079589844,0.0022079944610595703,0.002095937728881836,0.002061128616333008,0.001958131790161133
384,0.0017180442810058594,0.0018742084503173828,0.0023910999298095703,0.002218008041381836,0.0021550655364990234,0.0023949146270751953,0.00191497802734375
385,0.001703023910522461,0.0018990039825439453,0.002474069595336914,0.0022001266479492188,0.0022530555725097656,0.002276897430419922,0.0019309520721435547
386,0.0016829967498779297,0.001898050308227539,0.0025789737701416016,0.002290010452270508,0.002238035202026367,0.002089977264404297,0.0019040107727050781
387,0.0017309188842773438,0.0018808841705322266,0.002465963363647461,0.0023970603942871094,0.002151966094970703,0.001950979232788086,0.0019500255584716797
388,0.001753091812133789,0.0019559860229492188,0.0024759769439697266,0.0024919509887695312,0.0021910667419433594,0.0019731521606445312,0.001917123794555664
389,0.0017080307006835938,0.001882791519165039,0.0026061534881591797,0.0025069713592529297,0.0021240711212158203,0.0020279884338378906,0.0019249916076660156
390,0.0016858577728271484,0.0019140243530273438,0.002434968948364258,0.0024619102478027344,0.0021469593048095703,0.0020928382873535156,0.0019872188568115234
391,0.0017480850219726562,0.001981973648071289,0.0032639503479003906,0.0024518966674804688,0.0020580291748046875,0.002309083938598633,0.0020918846130371094
392,0.0017011165618896484,0.0018830299377441406,0.003432035446166992,0.002207040786743164,0.0020859241485595703,0.0020599365234375,0.0021250247955322266
393,0.0017008781433105469,0.0018842220306396484,0.003309011459350586,0.0022430419921875,0.0020170211791992188,0.001851797103881836,0.0019609928131103516
394,0.0016889572143554688,0.001928091049194336,0.0032601356506347656,0.0022270679473876953,0.002192974090576172,0.0020551681518554688,0.0019109249114990234
395,0.0017998218536376953,0.0019028186798095703,0.003047943115234375,0.002323150634765625,0.0020990371704101562,0.0018649101257324219,0.0018968582153320312
396,0.0016710758209228516,0.0018639564514160156,0.002257108688354492,0.0022199153900146484,0.0021140575408935547,0.0018219947814941406,0.0018839836120605469
397,0.0017130374908447266,0.0018470287322998047,0.0023679733276367188,0.0022928714752197266,0.002155780792236328,0.002376079559326172,0.002064943313598633
398,0.0017840862274169922,0.0018758773803710938,0.002156972885131836,0.0022530555725097656,0.0020868778228759766,0.00220489501953125,0.0019159317016601562
399,0.0017130374908447266,0.0018749237060546875,0.0022978782653808594,0.002237081527709961,0.0021369457244873047,0.002053976058959961,0.001953125
400,0.0016989707946777344,0.0018270015716552734,0.002415180206298828,0.0024268627166748047,0.0022280216217041016,0.002373933792114258,0.0022110939025878906
401,0.0017108917236328125,0.0019118785858154297,0.002380847930908203,0.0023920536041259766,0.0023488998413085938,0.0021140575408935547,0.0020759105682373047
402,0.0017180442810058594,0.001878976821899414,0.0023620128631591797,0.0023529529571533203,0.0024101734161376953,0.0018939971923828125,0.019116878509521484
403,0.0018038749694824219,0.0019178390502929688,0.0022280216217041016,0.0023670196533203125,0.002418994903564453,0.001840829849243164,0.0022149085998535156
404,0.001714944839477539,0.0019311904907226562,0.0023331642150878906,0.0023491382598876953,0.0024280548095703125,0.0018210411071777344,0.0020618438720703125
405,0.001711130142211914,0.0018699169158935547,0.002415895462036133,0.0022830963134765625,0.002373933792114258,0.0020868778228759766,0.002048969268798828
406,0.0017371177673339844,0.001909017562866211,0.0023140907287597656,0.002302885055541992,0.0026988983154296875,0.0025250911712646484,0.002103090286254883
407,0.001775979995727539,0.001882791519165039,0.002457857131958008,0.0023241043090820312,0.0026731491088867188,0.002176046371459961,0.002173900604248047
408,0.0017681121826171875,0.0018780231475830078,0.002583026885986328,0.0023012161254882812,0.002129077911376953,0.002296924591064453,0.002187013626098633
409,0.001741170883178711,0.0019021034240722656,0.0025060176849365234,0.0022330284118652344,0.0023970603942871094,0.0018839836120605469,0.0021109580993652344
410,0.0017290115356445312,0.0019359588623046875,0.002496004104614258,0.0023839473724365234,0.0046041011810302734,0.001786947250366211,0.002135038375854492
411,0.0017840862274169922,0.0018808841705322266,0.0024251937866210938,0.002321958541870117,0.010914087295532227,0.001962900161743164,0.0018999576568603516
412,0.0017900466918945312,0.0019099712371826172,0.002621173858642578,0.0027539730072021484,0.0020911693572998047,0.0018389225006103516,0.0019049644470214844
413,0.0017468929290771484,0.0018520355224609375,0.002766847610473633,0.004487037658691406,0.002524137496948242,0.002321004867553711,0.0018839836120605469
414,0.0017049312591552734,0.00191497802734375,0.002446889877319336,0.00474095344543457,0.0020279884338378906,0.002273082733154297,0.0019528865814208984
415,0.001706838607788086,0.0019049644470214844,0.0024421215057373047,0.00333404541015625,0.002009153366088867,0.0023229122161865234,0.0019741058349609375
416,0.0017819404602050781,0.0018801689147949219,0.002471923828125,0.0033369064331054688,0.0019009113311767578,0.0021719932556152344,0.0019659996032714844
417,0.0017080307006835938,0.0018839836120605469,0.002496004104614258,0.0033080577850341797,0.0019350051879882812,0.0019659996032714844,0.0019519329071044922
418,0.0016798973083496094,0.0018770694732666016,0.0025839805603027344,0.0031991004943847656,0.0018939971923828125,0.0019049644470214844,0.002028942108154297
419,0.0017609596252441406,0.0018658638000488281,0.002410888671875,0.0031659603118896484,0.0019230842590332031,0.0020270347595214844,0.0020270347595214844
420,0.0017900466918945312,0.0019431114196777344,0.002780914306640625,0.0030558109283447266,0.0018639564514160156,0.001934051513671875,0.001961946487426758
421,0.0018620491027832031,0.0019037723541259766,0.0024461746215820312,0.00310516357421875,0.0020051002502441406,0.0026581287384033203,0.0021381378173828125
422,0.001798868179321289,0.001895904541015625,0.002370119094848633,0.0030601024627685547,0.0018999576568603516,0.00222015380859375,0.0021610260009765625
423,0.0017910003662109375,0.0018999576568603516,0.002421855926513672,0.0031058788299560547,0.0019431114196777344,0.002332925796508789,0.0024530887603759766
424,0.0016930103302001953,0.0018608570098876953,0.021914958953857422,0.0030570030212402344,0.0018491744995117188,0.001989126205444336,0.0024499893188476562
425,0.0017380714416503906,0.0020401477813720703,0.0024530887603759766,0.0033190250396728516,0.0019359588623046875,0.0019409656524658203,0.0024199485778808594
426,0.0017330646514892578,0.0019350051879882812,0.002405881881713867,0.003103017807006836,0.0019350051879882812,0.0019638538360595703,0.002402067184448242
427,0.0017719268798828125,0.0018589496612548828,0.0022640228271484375,0.003233194351196289,0.0019168853759765625,0.0019130706787109375,0.0023651123046875
428,0.0016880035400390625,0.0018761157989501953,0.0022249221801757812,0.003473043441772461,0.0018529891967773438,0.002260923385620117,0.0020749568939208984
429,0.0017290115356445312,0.018248796463012695,0.0022728443145751953,0.003175020217895508,0.001870870590209961,0.0023369789123535156,0.001965045928955078
430,0.0017118453979492188,0.0019350051879882812,0.002351999282836914,0.0031850337982177734,0.001971006393432617,0.0022039413452148438,0.002062082290649414
431,0.0017900466918945312,0.0018351078033447266,0.002816915512084961,0.0030770301818847656,0.0019497871398925781,0.0023069381713867188,0.0022230148315429688
432,0.001728057861328125,0.0018620491027832031,0.002276897430419922,0.0031969547271728516,0.0018839836120605469,0.002051830291748047,0.00197601318359375
433,0.001775979995727539,0.0018451213836669922,0.003351926803588867,0.003133058547973633,0.0019359588623046875,0.0019040107727050781,0.0019979476928710938
434,0.0016889572143554688,0.001964092254638672,0.002496004104614258,0.0030999183654785156,0.0019311904907226562,0.0018341541290283203,0.0022430419921875
435,0.0017819404602050781,0.0018241405487060547,0.0023679733276367188,0.0031020641326904297,0.001971006393432617,0.001844167709350586,0.001958131790161133
436,0.0017330646514892578,0.0018239021301269531,0.0025310516357421875,0.03128695487976074,0.0020999908447265625,0.002465963363647461,0.001931905746459961
437,0.0017430782318115234,0.001806020736694336,0.002368927001953125,0.005166053771972656,0.002095937728881836,0.0022039413452148438,0.001964092254638672
438,0.0016889572143554688,0.0018219947814941406,0.0023429393768310547,0.005060911178588867,0.002070188522338867,0.0022890567779541016,0.002000093460083008
439,0.0016911029815673828,0.0018389225006103516,0.002237081527709961,0.005027055740356445,0.0019881725311279297,0.002167940139770508,0.002192974090576172
440,0.001703023910522461,0.0018188953399658203,0.002234935760498047,0.004965066909790039,0.0019550323486328125,0.0018908977508544922,0.0019829273223876953
441,0.0016939640045166016,0.001814126968383789,0.0026280879974365234,0.0047969818115234375,0.0019412040710449219,0.008706092834472656,0.0020148754119873047
442,0.001766204833984375,0.0018651485443115234,0.0023539066314697266,0.004442930221557617,0.0019690990447998047,0.002070903778076172,0.0019061565399169922
443,0.0016748905181884766,0.0018219947814941406,0.002668142318725586,0.0038900375366210938,0.001986980438232422,0.002438068389892578,0.0019249916076660156
444,0.0017690658569335938,0.001814126968383789,0.003281831741333008,0.003879070281982422,0.0019299983978271484,0.002068042755126953,0.0019450187683105469
445,0.0017039775848388672,0.0018608570098876953,0.0027158260345458984,0.003454923629760742,0.001983165740966797,0.001992940902709961,0.0019330978393554688
446,0.0017178058624267578,0.0019350051879882812,0.0029129981994628906,0.0037839412689208984,0.0019230842590332031,0.00177001953125,0.0019578933715820312
447,0.0017108917236328125,0.0019021034240722656,0.002535104751586914,0.0041811466217041016,0.002045869827270508,0.0017871856689453125,0.0019850730895996094
448,0.0017540454864501953,0.001979827880859375,0.002680063247680664,0.0034558773040771484,0.0019500255584716797,0.0018761157989501953,0.002003908157348633
449,0.0017418861389160156,0.002206087112426758,0.0031671524047851562,0.003940105438232422,0.0019271373748779297,0.0026290416717529297,0.0019140243530273438
450,0.0017399787902832031,0.002257108688354492,0.0031278133392333984,0.003741025924682617,0.001940011978149414,0.002031087875366211,0.0019240379333496094
451,0.001734018325805664,0.002248048782348633,0.0032148361206054688,0.003131866455078125,0.0019500255584716797,0.002402067184448242,0.0019030570983886719
452,0.0017008781433105469,0.002262115478515625,0.0032858848571777344,0.0031850337982177734,0.0019218921661376953,0.0017859935760498047,0.0019450187683105469
453,0.001664876937866211,0.002295970916748047,0.0032219886779785156,0.0031540393829345703,0.0018961429595947266,0.0017850399017333984,0.0019359588623046875
454,0.0017499923706054688,0.002307891845703125,0.003628969192504883,0.0032210350036621094,0.0019109249114990234,0.0018749237060546875,0.001909017562866211
455,0.001711130142211914,0.0023729801177978516,0.0035970211029052734,0.0032989978790283203,0.002026081085205078,0.0018491744995117188,0.00197601318359375
456,0.001689910888671875,0.0021419525146484375,0.004075050354003906,0.003304004669189453,0.0019729137420654297,0.002017974853515625,0.0019288063049316406
457,0.0016760826110839844,0.0019040107727050781,0.003345012664794922,0.0032629966735839844,0.0019490718841552734,0.0024678707122802734,0.002020120620727539
458,0.0018048286437988281,0.001837015151977539,0.003420114517211914,0.003582000732421875,0.0019221305847167969,0.0022058486938476562,0.0019421577453613281
459,0.0017230510711669922,0.001909017562866211,0.0033349990844726562,0.004113197326660156,0.0020020008087158203,0.002195119857788086,0.0019218921661376953
460,0.0017039775848388672,0.001856088638305664,0.0029909610748291016,0.004029989242553711,0.002000093460083008,0.0019381046295166016,0.0019030570983886719
461,0.0017039775848388672,0.0018711090087890625,0.0025620460510253906,0.003887176513671875,0.0019240379333496094,0.001912832260131836,0.0019068717956542969
462,0.0017230510711669922,0.0018830299377441406,0.0023810863494873047,0.0033669471740722656,0.0020380020141601562,0.001911163330078125,0.0019910335540771484
463,0.0017371177673339844,0.0018360614776611328,0.002382993698120117,0.0033860206604003906,0.002416849136352539,0.0018851757049560547,0.001959085464477539
464,0.0016999244689941406,0.001837015151977539,0.002490997314453125,0.003404855728149414,0.0020880699157714844,0.0023331642150878906,0.0019178390502929688
465,0.0017559528350830078,0.0017819404602050781,0.0023980140686035156,0.003448963165283203,0.002125978469848633,0.0022470951080322266,0.0019419193267822266
466,0.0017018318176269531,0.0019888877868652344,0.002485036849975586,0.0032720565795898438,0.002146005630493164,0.002154827117919922,0.0019130706787109375
467,0.0016930103302001953,0.0018439292907714844,0.01042795181274414,0.003236055374145508,0.0023610591888427734,0.002218008041381836,0.0020279884338378906
468,0.0016951560974121094,0.0018420219421386719,0.0024089813232421875,0.003201007843017578,0.001983165740966797,0.001901865005493164,0.0019299983978271484
469,0.001728057861328125,0.001886129379272461,0.0024330615997314453,0.0031850337982177734,0.002009868621826172,0.0017511844635009766,0.0019009113311767578
470,0.001847982406616211,0.0018210411071777344,0.0024940967559814453,0.0031669139862060547,0.0020990371704101562,0.0017659664154052734,0.002012014389038086
471,0.001840829849243164,0.0018391609191894531,0.0022847652435302734,0.0032100677490234375,0.0023729801177978516,0.0017800331115722656,0.0019419193267822266
472,0.001692056655883789,0.001772165298461914,0.002309083938598633,0.0033769607543945312,0.0023560523986816406,0.0019750595092773438,0.0020821094512939453
473,0.001728057861328125,0.0018830299377441406,0.0022041797637939453,0.003261089324951172,0.0020411014556884766,0.002952098846435547,0.00191497802734375
474,0.001705169677734375,0.0018630027770996094,0.00214385986328125,0.0032129287719726562,0.001990079879760742,0.002081155776977539,0.0019290447235107422
475,0.0016679763793945312,0.0018529891967773438,0.002251863479614258,0.0030999183654785156,0.0019681453704833984,0.0022559165954589844,0.0019130706787109375
476,0.0016400814056396484,0.003242015838623047,0.0020630359649658203,0.0031180381774902344,0.0019180774688720703,0.0024628639221191406,0.0019190311431884766
477,0.0017209053039550781,0.0018389225006103516,0.0020859241485595703,0.0031108856201171875,0.001911163330078125,0.0024938583374023438,0.001964092254638672
478,0.0016999244689941406,0.0017690658569335938,0.0020389556884765625,0.003017902374267578,0.0019588470458984375,0.0021941661834716797,0.0019528865814208984
479,0.0016760826110839844,0.0017709732055664062,0.002090930938720703,0.003297090530395508,0.001931905746459961,0.0021789073944091797,0.0019190311431884766
480,0.0016641616821289062,0.001795053482055664,0.002134084701538086,0.003165006637573242,0.001992940902709961,0.0021271705627441406,0.0019631385803222656
481,0.0016961097717285156,0.0017328262329101562,0.002074003219604492,0.0032100677490234375,0.0019078254699707031,0.0024971961975097656,0.0019729137420654297
482,0.001680135726928711,0.001737833023071289,0.0021209716796875,0.003571033477783203,0.0020101070404052734,0.0021219253540039062,0.0020148754119873047
483,0.0017230510711669922,0.0017859935760498047,0.002115964889526367,0.0036339759826660156,0.0019521713256835938,0.002162933349609375,0.001870870590209961
484,0.0016829967498779297,0.0017669200897216797,0.002089977264404297,0.0034770965576171875,0.0020148754119873047,0.0019779205322265625,0.0018930435180664062
485,0.0017399787902832031,0.001725912094116211,0.002376079559326172,0.0034821033477783203,0.0019588470458984375,0.0019040107727050781,0.0018777847290039062
486,0.0016629695892333984,0.0016961097717285156,0.002262115478515625,0.0034558773040771484,0.0019328594207763672,0.0018489360809326172,0.0019190311431884766
487,0.001711130142211914,0.0016808509826660156,0.002207040786743164,0.0035669803619384766,0.0020830631256103516,0.001917123794555664,0.0019268989562988281
488,0.001725912094116211,0.0017938613891601562,0.0021021366119384766,0.0035829544067382812,0.0019931793212890625,0.0018548965454101562,0.0020160675048828125
489,0.0016660690307617188,0.0017359256744384766,0.0020890235900878906,0.0033118724822998047,0.0019409656524658203,0.0021369457244873047,0.0019779205322265625
490,0.001714944839477539,0.001744985580444336,0.002173900604248047,0.0034399032592773438,0.0019440650939941406,0.0018620491027832031,0.001920938491821289
491,0.0017511844635009766,0.0016980171203613281,0.002235889434814453,0.003518819808959961,0.0019669532775878906,0.0019240379333496094,0.001934051513671875
492,0.0017299652099609375,0.0017139911651611328,0.0027048587799072266,0.0032210350036621094,0.00208282470703125,0.0019359588623046875,0.0018839836120605469
493,0.0016760826110839844,0.0017180442810058594,0.002811908721923828,0.003170013427734375,0.0019061565399169922,0.0018870830535888672,0.0019459724426269531
494,0.0016679763793945312,0.0017600059509277344,0.0026769638061523438,0.0031299591064453125,0.0019609928131103516,0.001875162124633789,0.00191497802734375
495,0.0017468929290771484,0.0017240047454833984,0.002660989761352539,0.0030279159545898438,0.0019121170043945312,0.0018970966339111328,0.001992940902709961
496,0.0016939640045166016,0.0016908645629882812,0.002808094024658203,0.0028879642486572266,0.0019910335540771484,0.0019500255584716797,0.001950979232788086
497,0.0016720294952392578,0.001706838607788086,0.00238800048828125,0.0028808116912841797,0.0019228458404541016,0.0018181800842285156,0.0019578933715820312
498,0.0016911029815673828,0.0017528533935546875,0.0023050308227539062,0.002838134765625,0.0019221305847167969,0.0017790794372558594,0.002067089080810547
499,0.0016407966613769531,0.0018448829650878906,0.002279043197631836,0.002897024154663086,0.0019600391387939453,0.0017881393432617188,0.0019478797912597656
